site,height,colour,description,lith,formationTop
MS7,195.92,light blue,wavy laminite/siltstone,1,
MS7,496.1,orange,grainstone/sandstone,3,
MS7,669.32,red,microbialaminite/intraclast breccia,4,
MS7,739.95,orange,grainstone/sandstone,3,
MS7,968.66,green,stromatolite,2,Adoudounian
MS7,1345.36,brown,wavy laminite/siltstone,1,
MS7,1589.21,green,stromatolite,2,
MS7,1819.6,brown,wavy laminite/siltstone,1,Lie de Vin
MS7,1882.67,orange,grainstone/sandstone,3,
MS3,215.25,green,stromatolite,2,
MS3,376.7,brown,wavy laminite/siltstone,1,Lie de Vin
MS3,453.21,orange,grainstone/sandstone,3,
MS3,522.16,light blue,wavy laminite/siltstone,1,Igoudine
MS3,558.32,green,stromatolite,2,
MS3,607.93,orange,grainstone/sandstone,3,
MS3,782.82,light blue,wavy laminite/siltstone,1,Amouslek
MS3,860.18,brown,wavy laminite/siltstone,1,
MS3,957.72,green,stromatolite,2,Issafen
MS11,60.95,red,microbialaminite/intraclast breccia,4,
MS11,246.64,orange,grainstone/sandstone,3,
MS11,367.29,red,microbialaminite/intraclast breccia,4,
MS11,543.54,light blue,wavy laminite/siltstone,1,Adoudounian
MS16,281.53,light blue,calcisiltstone,1,
MS16,672.77,orange,grainstone/sandstone,3,
MS16,822.38,red,microbialaminite/intraclast breccia,4,
MS16,864.2,orange,grainstone/sandstone,3,
MS16,1056.11,green,boundstone,2,Adoudounian
MS16,1359.4,brown,siltstone,1,
MS16,1607.48,green,boundstone,2,
MS16,1802.02,brown,siltstone,1,Lie de Vin
MS16,1848.14,orange,grainstone/sandstone,3,
MS16,1893.79,light blue,calcisiltstone,1,Igoudine
MS16,1936.09,green,boundstone,2,
Siberia,541.39,,carbonate proximal ramp,Sukharikha,Sukharikha
Siberia,679,,carbonate shelf 2,Krasnoporog,Krasnoporog
