site,height,age,sd,name_id,authors,year,Section,material,source,Type,Method
MS7,733.22,525.34,0.045,M223,Maloof et al.,2010,Oues Sdas (MS-7) Adoudou Fm,zircon,volcanic ash,206Pb/238U,TIMS
MS7,883.22,524.84,0.045,M231,Maloof et al.,2010,Oues Sdas (MS-7) Adoudou Fm,zircon,volcanic ash,206Pb/238U,TIMS
MS7,1150.22,523.17,0.08,M234,Maloof et al.,2010,Oues Sdas (MS-7) Lie de Vin Fm,zircon,volcanic ash,206Pb/238U,TIMS
MS7,1655.22,520.93,0.07,M236,Maloof et al.,2010,Oues Sdas (MS-7) Lie de Vin Fm,zircon,volcanic ash,206Pb/238U,TIMS
Siberia,450,529.7,0.3,,Grazdankhin et al,2020,Olenek,zircon,,,
